sveta = Svetlana Shasharina <sveta@txcorp.com>
miller86 = Mark Miller <miller86@llnl.gov>
selby = Paul Selby <paul.selby@awe.co.uk>
jimeliot = Jim Eliot <jim.eliot@awe.co.uk>
gmorris2 = Garrett Morrison <gmorriso@cs.uoregon.edu>
pugmire = Dave Pugmire <pugmire@ornl.gov>
loring = Burlen Loring <bloring@lbl.gov>
semeraro = Dave Semeraro <semeraro@ncsa.uiuc.edu>
oruebel = Oliver Ruebel <allen@sci.utah.edu>
hrchilds = Hank Childs <hank@uoregon.edu>
shelly = Shelly Prevost <prevost3@llnl.gov>
sidshank = Siddharth Shankar <sshankar@cs.utah.edu>
rbleile = Ryan Bleile <rbleile@cs.uoregon.edu>
hota = Alok Hota <alok@utk.edu>
maheswar = Satheesh Maheswaran <Satheesh.Maheswaran@awe.co.uk>
dskinner = David Skinner <deSkinner@lbl.gov>
tarwater = Ellen Tarwater-Clower <tarwaterclow1@llnl.gov>
wheeler = Matthew Wheeler <Matthew.Wheeler@awe.co.uk>
laney = Dan Laney <laney1@llnl.gov>
cook47 = Rich Cook <rcook@llnl.gov>
gmorriso = Garrett Morrison <gmorriso@uoregon.edu>
hkrishna = Harinarayan(Hari) Krishnan <hkrishnan@lbl.gov>
iulian = Iulian Grindeanu <iulian@anl.gov>
treadway = Tom Treadway <treadway1@llnl.gov>
brugger = Eric Brugger <brugger1@llnl.gov>
kdawes = Kirsten Dawes <kdawes@uoregon.edu>
dbremer = David Bremer <bremer4@llnl.gov>
iuri = Iuri Prilepov <iprilepov@lbl.gov>
pascal = Pascal Grosset <pgrosset@sci.utah.edu>
knolla = Aaron Knoll <knolla@sci.utah.edu >
spetruzz = Steve Petruzza <spetruzza@sci.utah.edu>
mblair = Mark Blair <mblair@llnl.gov>
kbensema = Kevin Bensema <kbensema@ucdavis.edu>
fogal1 = Tom Fogal <tfogal@sci.utah.edu>
alister = Alister Maguire <maguire7@llnl.gov>
cyrush = Cyrus Harrison <cyrush@llnl.gov>
ahern = Sean Ahern <ahern@ornl.gov>
mlarsen = Matt Larsen <larsen30@llnl.gov>
js9 = Jeremy Meredith <jsmeredith@gmail.com>
alexanda = David Alexander <alexanda@txcorp.com>
sisneros = Robert Sisneros <sisneros@illinois.edu>
allens =  Allen Sanderson <allen@sci.utah.edu>
brownlee = Carson Brownlee <brownlee@cs.utah.edu>
pnav = Paul Navratil <pnav@tacc.utexas.edu>
whitlocb = Brad Whitlock <bjw@ilight.com>
rhudson = Randy Hudson <hudson@mcs.anl.gov>
garth = Christoph Garth <cgarth@ucdavis.edu>
bonnell = Kathleen Bonnell <bonnell2@llnl.gov>
cary = John R. Cary <cary@txcorp.com>
kgriffin = Kevin Griffin <griffin28@llnl.gov>
ghweber = Gunther Weber <ghweber@lbl.gov>
prabhat = Prabhat <prabhat@lbl.gov>
eewing = Elliott Ewing <eewing@cs.uoregon.edu>
camp = David Camp <dcamp@lbl.gov>
jcanders = John C. Anderson <anderson@cs.ucdavis.edu>
deines = Eduard Deines <edeines@ucdavis.edu>
apletzer = Alexander Pletzer <pletzer@txcorp.com>
mdurant = Marc Durant <mdurant@txcorp.com>
camc = Cameron Christensen <cam@sci.utah.edu>
stratton = Josh Stratton <strattonbrazil@gmail.com>
